claim_id,claim,status,unit,exact_value,nonclaim
C-001,initial post-near rank-twelve load,IMPORTED,distinct slopes,274980728111260144,not an existing family
C-002,forced rank-at-most-two descendant,PROVED,distinct slopes,9342183,does not pay descendant
C-003,target evasion threshold,PROVED,distinct slopes,274980718357491817,declared sparse cells only
C-004,target forcing gap,PROVED,distinct slopes,9753768327,not budget slack for row closure
C-005,adjacent target evasion threshold,PROVED,distinct slopes,274980748327713549,method wall not construction
C-006,conditional full-endpoint fixed-pair star,PROVED_CONDITIONAL,distinct slopes,614033,requires rank-two survival to K=2
C-007,rank twelve paid,NOT_CLAIMED,distinct slopes,0,open
C-008,KoalaBear closed,NOT_CLAIMED,boolean,false,open
C-009,active-v4 ledger movement,PROVED,ledger units,0,none
