id,status,source,n,k,rho,q_line,q_base,a,sigma,r,delta,gap_to_capacity_eta,numerator_lower,denominator,score_bits,verdict,notes,delta_float,eta_float
F17^32-n512-k256-tangent-a257,PROVED,experiments.tex moving-root tangent lower floor,512,256,1/2,2367911594760467245844106297320951247361,2367911594760467245844106297320951247361,257,1,255,255/512,1/512,256,2367911594760467245844106297320951247361,5.201189079989149,UNSAFE,Direct finite-slope support-wise MCA lower row; no CS25 import needed.,0.498046875,0.001953125
F17^32-n512-k256-tangent-exact-edge-a427,PROVED,experiments.tex moving-root tangent lower floor,512,256,1/2,2367911594760467245844106297320951247361,2367911594760467245844106297320951247361,427,171,85,85/512,171/512,86,2367911594760467245844106297320951247361,3.627453834691238,UNSAFE,Direct finite-slope support-wise MCA lower row; no CS25 import needed.,0.166015625,0.333984375
F17^32-n512-k256-paperD-N512,PROVED_PAPERD_V5_CAP,Paper D v5 universal cap,512,256,1/2,2367911594760467245844106297320951247361,2367911594760467245844106297320951247361,258,2,254,127/256,1/256,4624827333516537589539270111954982905,2367911594760467245844106297320951247361,119.0,UNSAFE,Cap divisor N=512; delta <= 127/256; hypothesis margin 253.553 bits; effective numerator from eps>(q-n)/(2kq).,0.49609375,0.00390625
prime192-rho1_2-k2^40-paperD-N512,PROVED_PAPERD_V5_CAP,Paper D v5 universal cap,2199023255552,1099511627776,1/2,6277101735386680763835789423207666416102355484046453112833,6277101735386680763835789423207666416102355484046453112833,1108101562368,8589934592,1090921693184,127/256,1/256,2854495385411919762116571938898990272765493266,6277101735386680763835789423207666416102355484046453112833,87.0,UNSAFE,Cap divisor N=512; delta <= 127/256; hypothesis margin 163.151 bits; effective numerator from eps>(q-n)/(2kq).,0.49609375,0.00390625
prime192-rho1_2-k2^40-paperD-N1024,PROVED_PAPERD_V5_CAP,Paper D v5 universal cap,2199023255552,1099511627776,1/2,6277101735386680763835789423207666416102355484046453112833,6277101735386680763835789423207666416102355484046453112833,1103806595072,4294967296,1095216660480,255/512,1/512,2854495385411919762116571938898990272765493266,6277101735386680763835789423207666416102355484046453112833,87.0,UNSAFE,Cap divisor N=1024; delta <= 255/512; hypothesis margin 674.663 bits; effective numerator from eps>(q-n)/(2kq).,0.498046875,0.001953125
prime192-rho1_2-k2^40-paperD-N2048,PROVED_PAPERD_V5_CAP,Paper D v5 universal cap,2199023255552,1099511627776,1/2,6277101735386680763835789423207666416102355484046453112833,6277101735386680763835789423207666416102355484046453112833,1101659111424,2147483648,1097364144128,511/1024,1/1024,2854495385411919762116571938898990272765493266,6277101735386680763835789423207666416102355484046453112833,87.0,UNSAFE,Cap divisor N=2048; delta <= 511/1024; hypothesis margin 1698.168 bits; effective numerator from eps>(q-n)/(2kq).,0.4990234375,0.0009765625
prime192-rho1_2-k2^40-paperD-N4096,PROVED_PAPERD_V5_CAP,Paper D v5 universal cap,2199023255552,1099511627776,1/2,6277101735386680763835789423207666416102355484046453112833,6277101735386680763835789423207666416102355484046453112833,1100585369600,1073741824,1098437885952,1023/2048,1/2048,2854495385411919762116571938898990272765493266,6277101735386680763835789423207666416102355484046453112833,87.0,UNSAFE,Cap divisor N=4096; delta <= 1023/2048; hypothesis margin 3745.671 bits; effective numerator from eps>(q-n)/(2kq).,0.49951171875,0.00048828125
prime192-rho1_2-k2^40-paperD-N8192,PROVED_PAPERD_V5_CAP,Paper D v5 universal cap,2199023255552,1099511627776,1/2,6277101735386680763835789423207666416102355484046453112833,6277101735386680763835789423207666416102355484046453112833,1100048498688,536870912,1098974756864,2047/4096,1/4096,2854495385411919762116571938898990272765493266,6277101735386680763835789423207666416102355484046453112833,87.0,UNSAFE,Cap divisor N=8192; delta <= 2047/4096; hypothesis margin 7841.173 bits; effective numerator from eps>(q-n)/(2kq).,0.499755859375,0.000244140625
prime192-rho1_2-k2^40-paperD-N16384,PROVED_PAPERD_V5_CAP,Paper D v5 universal cap,2199023255552,1099511627776,1/2,6277101735386680763835789423207666416102355484046453112833,6277101735386680763835789423207666416102355484046453112833,1099780063232,268435456,1099243192320,4095/8192,1/8192,2854495385411919762116571938898990272765493266,6277101735386680763835789423207666416102355484046453112833,87.0,UNSAFE,Cap divisor N=16384; delta <= 4095/8192; hypothesis margin 16032.674 bits; effective numerator from eps>(q-n)/(2kq).,0.4998779296875,0.0001220703125
prime192-rho1_2-k2^40-paperD-N32768,PROVED_PAPERD_V5_CAP,Paper D v5 universal cap,2199023255552,1099511627776,1/2,6277101735386680763835789423207666416102355484046453112833,6277101735386680763835789423207666416102355484046453112833,1099645845504,134217728,1099377410048,8191/16384,1/16384,2854495385411919762116571938898990272765493266,6277101735386680763835789423207666416102355484046453112833,87.0,UNSAFE,Cap divisor N=32768; delta <= 8191/16384; hypothesis margin 32416.174 bits; effective numerator from eps>(q-n)/(2kq).,0.49993896484375,6.103515625e-05
prime192-rho1_2-k2^40-paperD-N65536,PROVED_PAPERD_V5_CAP,Paper D v5 universal cap,2199023255552,1099511627776,1/2,6277101735386680763835789423207666416102355484046453112833,6277101735386680763835789423207666416102355484046453112833,1099578736640,67108864,1099444518912,16383/32768,1/32768,2854495385411919762116571938898990272765493266,6277101735386680763835789423207666416102355484046453112833,87.0,UNSAFE,Cap divisor N=65536; delta <= 16383/32768; hypothesis margin 65183.674 bits; effective numerator from eps>(q-n)/(2kq).,0.499969482421875,3.0517578125e-05
prime192-rho1_2-k2^40-paperD-N131072,PROVED_PAPERD_V5_CAP,Paper D v5 universal cap,2199023255552,1099511627776,1/2,6277101735386680763835789423207666416102355484046453112833,6277101735386680763835789423207666416102355484046453112833,1099545182208,33554432,1099478073344,32767/65536,1/65536,2854495385411919762116571938898990272765493266,6277101735386680763835789423207666416102355484046453112833,87.0,UNSAFE,Cap divisor N=131072; delta <= 32767/65536; hypothesis margin 130719.174 bits; effective numerator from eps>(q-n)/(2kq).,0.4999847412109375,1.52587890625e-05
prime192-rho1_2-k2^40-paperD-N262144,PROVED_PAPERD_V5_CAP,Paper D v5 universal cap,2199023255552,1099511627776,1/2,6277101735386680763835789423207666416102355484046453112833,6277101735386680763835789423207666416102355484046453112833,1099528404992,16777216,1099494850560,65535/131072,1/131072,2854495385411919762116571938898990272765493266,6277101735386680763835789423207666416102355484046453112833,87.0,UNSAFE,Cap divisor N=262144; delta <= 65535/131072; hypothesis margin 261790.674 bits; effective numerator from eps>(q-n)/(2kq).,0.49999237060546875,7.62939453125e-06
prime192-rho1_2-k2^40-paperD-N524288,PROVED_PAPERD_V5_CAP,Paper D v5 universal cap,2199023255552,1099511627776,1/2,6277101735386680763835789423207666416102355484046453112833,6277101735386680763835789423207666416102355484046453112833,1099520016384,8388608,1099503239168,131071/262144,1/262144,2854495385411919762116571938898990272765493266,6277101735386680763835789423207666416102355484046453112833,87.0,UNSAFE,Cap divisor N=524288; delta <= 131071/262144; hypothesis margin 523934.174 bits; effective numerator from eps>(q-n)/(2kq).,0.4999961853027344,3.814697265625e-06
prime192-rho1_2-k2^40-paperD-N1048576,PROVED_PAPERD_V5_CAP,Paper D v5 universal cap,2199023255552,1099511627776,1/2,6277101735386680763835789423207666416102355484046453112833,6277101735386680763835789423207666416102355484046453112833,1099515822080,4194304,1099507433472,262143/524288,1/524288,2854495385411919762116571938898990272765493266,6277101735386680763835789423207666416102355484046453112833,87.0,UNSAFE,Cap divisor N=1048576; delta <= 262143/524288; hypothesis margin 1048221.674 bits; effective numerator from eps>(q-n)/(2kq).,0.4999980926513672,1.9073486328125e-06
prime192-rho1_2-k2^40-paperD-N2097152,PROVED_PAPERD_V5_CAP,Paper D v5 universal cap,2199023255552,1099511627776,1/2,6277101735386680763835789423207666416102355484046453112833,6277101735386680763835789423207666416102355484046453112833,1099513724928,2097152,1099509530624,524287/1048576,1/1048576,2854495385411919762116571938898990272765493266,6277101735386680763835789423207666416102355484046453112833,87.0,UNSAFE,Cap divisor N=2097152; delta <= 524287/1048576; hypothesis margin 2096797.174 bits; effective numerator from eps>(q-n)/(2kq).,0.4999990463256836,9.5367431640625e-07
prime192-rho1_2-k2^40-paperD-N4194304,PROVED_PAPERD_V5_CAP,Paper D v5 universal cap,2199023255552,1099511627776,1/2,6277101735386680763835789423207666416102355484046453112833,6277101735386680763835789423207666416102355484046453112833,1099512676352,1048576,1099510579200,1048575/2097152,1/2097152,2854495385411919762116571938898990272765493266,6277101735386680763835789423207666416102355484046453112833,87.0,UNSAFE,Cap divisor N=4194304; delta <= 1048575/2097152; hypothesis margin 4193948.674 bits; effective numerator from eps>(q-n)/(2kq).,0.4999995231628418,4.76837158203125e-07
prime192-rho1_2-k2^40-paperD-N8388608,PROVED_PAPERD_V5_CAP,Paper D v5 universal cap,2199023255552,1099511627776,1/2,6277101735386680763835789423207666416102355484046453112833,6277101735386680763835789423207666416102355484046453112833,1099512152064,524288,1099511103488,2097151/4194304,1/4194304,2854495385411919762116571938898990272765493266,6277101735386680763835789423207666416102355484046453112833,87.0,UNSAFE,Cap divisor N=8388608; delta <= 2097151/4194304; hypothesis margin 8388252.174 bits; effective numerator from eps>(q-n)/(2kq).,0.4999997615814209,2.384185791015625e-07
prime192-rho1_2-k2^40-paperD-N16777216,PROVED_PAPERD_V5_CAP,Paper D v5 universal cap,2199023255552,1099511627776,1/2,6277101735386680763835789423207666416102355484046453112833,6277101735386680763835789423207666416102355484046453112833,1099511889920,262144,1099511365632,4194303/8388608,1/8388608,2854495385411919762116571938898990272765493266,6277101735386680763835789423207666416102355484046453112833,87.0,UNSAFE,Cap divisor N=16777216; delta <= 4194303/8388608; hypothesis margin 16776859.674 bits; effective numerator from eps>(q-n)/(2kq).,0.49999988079071045,1.1920928955078125e-07
prime192-rho1_2-k2^40-paperD-N33554432,PROVED_PAPERD_V5_CAP,Paper D v5 universal cap,2199023255552,1099511627776,1/2,6277101735386680763835789423207666416102355484046453112833,6277101735386680763835789423207666416102355484046453112833,1099511758848,131072,1099511496704,8388607/16777216,1/16777216,2854495385411919762116571938898990272765493266,6277101735386680763835789423207666416102355484046453112833,87.0,UNSAFE,Cap divisor N=33554432; delta <= 8388607/16777216; hypothesis margin 33554075.174 bits; effective numerator from eps>(q-n)/(2kq).,0.4999999403953552,5.960464477539063e-08
prime192-rho1_2-k2^40-paperD-N67108864,PROVED_PAPERD_V5_CAP,Paper D v5 universal cap,2199023255552,1099511627776,1/2,6277101735386680763835789423207666416102355484046453112833,6277101735386680763835789423207666416102355484046453112833,1099511693312,65536,1099511562240,16777215/33554432,1/33554432,2854495385411919762116571938898990272765493266,6277101735386680763835789423207666416102355484046453112833,87.0,UNSAFE,Cap divisor N=67108864; delta <= 16777215/33554432; hypothesis margin 67108506.674 bits; effective numerator from eps>(q-n)/(2kq).,0.4999999701976776,2.9802322387695312e-08
prime192-rho1_2-k2^40-paperD-N134217728,PROVED_PAPERD_V5_CAP,Paper D v5 universal cap,2199023255552,1099511627776,1/2,6277101735386680763835789423207666416102355484046453112833,6277101735386680763835789423207666416102355484046453112833,1099511660544,32768,1099511595008,33554431/67108864,1/67108864,2854495385411919762116571938898990272765493266,6277101735386680763835789423207666416102355484046453112833,87.0,UNSAFE,Cap divisor N=134217728; delta <= 33554431/67108864; hypothesis margin 134217370.174 bits; effective numerator from eps>(q-n)/(2kq).,0.4999999850988388,1.4901161193847656e-08
prime192-rho1_2-k2^40-paperD-N268435456,PROVED_PAPERD_V5_CAP,Paper D v5 universal cap,2199023255552,1099511627776,1/2,6277101735386680763835789423207666416102355484046453112833,6277101735386680763835789423207666416102355484046453112833,1099511644160,16384,1099511611392,67108863/134217728,1/134217728,2854495385411919762116571938898990272765493266,6277101735386680763835789423207666416102355484046453112833,87.0,UNSAFE,Cap divisor N=268435456; delta <= 67108863/134217728; hypothesis margin 268435097.674 bits; effective numerator from eps>(q-n)/(2kq).,0.4999999925494194,7.450580596923828e-09
prime192-rho1_2-k2^40-paperD-N536870912,PROVED_PAPERD_V5_CAP,Paper D v5 universal cap,2199023255552,1099511627776,1/2,6277101735386680763835789423207666416102355484046453112833,6277101735386680763835789423207666416102355484046453112833,1099511635968,8192,1099511619584,134217727/268435456,1/268435456,2854495385411919762116571938898990272765493266,6277101735386680763835789423207666416102355484046453112833,87.0,UNSAFE,Cap divisor N=536870912; delta <= 134217727/268435456; hypothesis margin 536870553.174 bits; effective numerator from eps>(q-n)/(2kq).,0.4999999962747097,3.725290298461914e-09
prime192-rho1_2-k2^40-paperD-N1073741824,PROVED_PAPERD_V5_CAP,Paper D v5 universal cap,2199023255552,1099511627776,1/2,6277101735386680763835789423207666416102355484046453112833,6277101735386680763835789423207666416102355484046453112833,1099511631872,4096,1099511623680,268435455/536870912,1/536870912,2854495385411919762116571938898990272765493266,6277101735386680763835789423207666416102355484046453112833,87.0,UNSAFE,Cap divisor N=1073741824; delta <= 268435455/536870912; hypothesis margin 1073741464.674 bits; effective numerator from eps>(q-n)/(2kq).,0.49999999813735485,1.862645149230957e-09
prime192-rho1_2-k2^40-paperD-N2147483648,PROVED_PAPERD_V5_CAP,Paper D v5 universal cap,2199023255552,1099511627776,1/2,6277101735386680763835789423207666416102355484046453112833,6277101735386680763835789423207666416102355484046453112833,1099511629824,2048,1099511625728,536870911/1073741824,1/1073741824,2854495385411919762116571938898990272765493266,6277101735386680763835789423207666416102355484046453112833,87.0,UNSAFE,Cap divisor N=2147483648; delta <= 536870911/1073741824; hypothesis margin 2147483288.174 bits; effective numerator from eps>(q-n)/(2kq).,0.4999999990686774,9.313225746154785e-10
prime192-rho1_2-k2^40-paperD-N4294967296,PROVED_PAPERD_V5_CAP,Paper D v5 universal cap,2199023255552,1099511627776,1/2,6277101735386680763835789423207666416102355484046453112833,6277101735386680763835789423207666416102355484046453112833,1099511628800,1024,1099511626752,1073741823/2147483648,1/2147483648,2854495385411919762116571938898990272765493266,6277101735386680763835789423207666416102355484046453112833,87.0,UNSAFE,Cap divisor N=4294967296; delta <= 1073741823/2147483648; hypothesis margin 4294966935.674 bits; effective numerator from eps>(q-n)/(2kq).,0.4999999995343387,4.656612873077393e-10
prime192-rho1_2-k2^40-paperD-N8589934592,PROVED_PAPERD_V5_CAP,Paper D v5 universal cap,2199023255552,1099511627776,1/2,6277101735386680763835789423207666416102355484046453112833,6277101735386680763835789423207666416102355484046453112833,1099511628288,512,1099511627264,2147483647/4294967296,1/4294967296,2854495385411919762116571938898990272765493266,6277101735386680763835789423207666416102355484046453112833,87.0,UNSAFE,Cap divisor N=8589934592; delta <= 2147483647/4294967296; hypothesis margin 8589934231.174 bits; effective numerator from eps>(q-n)/(2kq).,0.49999999976716936,2.3283064365386963e-10
prime192-rho1_2-k2^40-paperD-N17179869184,PROVED_PAPERD_V5_CAP,Paper D v5 universal cap,2199023255552,1099511627776,1/2,6277101735386680763835789423207666416102355484046453112833,6277101735386680763835789423207666416102355484046453112833,1099511628032,256,1099511627520,4294967295/8589934592,1/8589934592,2854495385411919762116571938898990272765493266,6277101735386680763835789423207666416102355484046453112833,87.0,UNSAFE,Cap divisor N=17179869184; delta <= 4294967295/8589934592; hypothesis margin 17179868822.674 bits; effective numerator from eps>(q-n)/(2kq).,0.4999999998835847,1.1641532182693481e-10
prime192-rho1_2-k2^40-paperD-N34359738368,PROVED_PAPERD_V5_CAP,Paper D v5 universal cap,2199023255552,1099511627776,1/2,6277101735386680763835789423207666416102355484046453112833,6277101735386680763835789423207666416102355484046453112833,1099511627904,128,1099511627648,8589934591/17179869184,1/17179869184,2854495385411919762116571938898990272765493266,6277101735386680763835789423207666416102355484046453112833,87.0,UNSAFE,Cap divisor N=34359738368; delta <= 8589934591/17179869184; hypothesis margin 34359738006.174 bits; effective numerator from eps>(q-n)/(2kq).,0.49999999994179234,5.820766091346741e-11
prime192-rho1_2-k2^40-paperD-N68719476736,PROVED_PAPERD_V5_CAP,Paper D v5 universal cap,2199023255552,1099511627776,1/2,6277101735386680763835789423207666416102355484046453112833,6277101735386680763835789423207666416102355484046453112833,1099511627840,64,1099511627712,17179869183/34359738368,1/34359738368,2854495385411919762116571938898990272765493266,6277101735386680763835789423207666416102355484046453112833,87.0,UNSAFE,Cap divisor N=68719476736; delta <= 17179869183/34359738368; hypothesis margin 68719476373.674 bits; effective numerator from eps>(q-n)/(2kq).,0.49999999997089617,2.9103830456733704e-11
prime192-rho1_2-k2^40-paperD-N137438953472,PROVED_PAPERD_V5_CAP,Paper D v5 universal cap,2199023255552,1099511627776,1/2,6277101735386680763835789423207666416102355484046453112833,6277101735386680763835789423207666416102355484046453112833,1099511627808,32,1099511627744,34359738367/68719476736,1/68719476736,2854495385411919762116571938898990272765493266,6277101735386680763835789423207666416102355484046453112833,87.0,UNSAFE,Cap divisor N=137438953472; delta <= 34359738367/68719476736; hypothesis margin 137438953109.174 bits; effective numerator from eps>(q-n)/(2kq).,0.4999999999854481,1.4551915228366852e-11
prime192-rho1_2-k2^40-paperD-N274877906944,PROVED_PAPERD_V5_CAP,Paper D v5 universal cap,2199023255552,1099511627776,1/2,6277101735386680763835789423207666416102355484046453112833,6277101735386680763835789423207666416102355484046453112833,1099511627792,16,1099511627760,68719476735/137438953472,1/137438953472,2854495385411919762116571938898990272765493266,6277101735386680763835789423207666416102355484046453112833,87.0,UNSAFE,Cap divisor N=274877906944; delta <= 68719476735/137438953472; hypothesis margin 274877906580.675 bits; effective numerator from eps>(q-n)/(2kq).,0.49999999999272404,7.275957614183426e-12
prime192-rho1_2-k2^40-paperD-N549755813888,PROVED_PAPERD_V5_CAP,Paper D v5 universal cap,2199023255552,1099511627776,1/2,6277101735386680763835789423207666416102355484046453112833,6277101735386680763835789423207666416102355484046453112833,1099511627784,8,1099511627768,137438953471/274877906944,1/274877906944,2854495385411919762116571938898990272765493266,6277101735386680763835789423207666416102355484046453112833,87.0,UNSAFE,Cap divisor N=549755813888; delta <= 137438953471/274877906944; hypothesis margin 549755813524.174 bits; effective numerator from eps>(q-n)/(2kq).,0.499999999996362,3.637978807091713e-12
prime192-rho1_2-k2^40-paperD-N1099511627776,PROVED_PAPERD_V5_CAP,Paper D v5 universal cap,2199023255552,1099511627776,1/2,6277101735386680763835789423207666416102355484046453112833,6277101735386680763835789423207666416102355484046453112833,1099511627780,4,1099511627772,274877906943/549755813888,1/549755813888,2854495385411919762116571938898990272765493266,6277101735386680763835789423207666416102355484046453112833,87.0,UNSAFE,Cap divisor N=1099511627776; delta <= 274877906943/549755813888; hypothesis margin 1099511627411.673 bits; effective numerator from eps>(q-n)/(2kq).,0.499999999998181,1.8189894035458565e-12
prime192-rho1_2-k2^40-paperD-N2199023255552,PROVED_PAPERD_V5_CAP,Paper D v5 universal cap,2199023255552,1099511627776,1/2,6277101735386680763835789423207666416102355484046453112833,6277101735386680763835789423207666416102355484046453112833,1099511627778,2,1099511627774,549755813887/1099511627776,1/1099511627776,2854495385411919762116571938898990272765493266,6277101735386680763835789423207666416102355484046453112833,87.0,UNSAFE,Cap divisor N=2199023255552; delta <= 549755813887/1099511627776; hypothesis margin 2199023255187.177 bits; effective numerator from eps>(q-n)/(2kq).,0.4999999999990905,9.094947017729282e-13
prime192-rho1_4-k2^40-paperD-N512,PROVED_PAPERD_V5_CAP,Paper D v5 universal cap,4398046511104,1099511627776,1/4,6277101735386680763835789423207666416102355484046453112833,6277101735386680763835789423207666416102355484046453112833,1116691496960,17179869184,3281355014144,191/256,1/256,2854495385411919762116571938898990272765493265,6277101735386680763835789423207666416102355484046453112833,87.0,UNSAFE,Cap divisor N=512; delta <= 191/256; hypothesis margin 69.888 bits; effective numerator from eps>(q-n)/(2kq).,0.74609375,0.00390625
prime192-rho1_4-k2^40-paperD-N1024,PROVED_PAPERD_V5_CAP,Paper D v5 universal cap,4398046511104,1099511627776,1/4,6277101735386680763835789423207666416102355484046453112833,6277101735386680763835789423207666416102355484046453112833,1108101562368,8589934592,3289944948736,383/512,1/512,2854495385411919762116571938898990272765493265,6277101735386680763835789423207666416102355484046453112833,87.0,UNSAFE,Cap divisor N=1024; delta <= 383/512; hypothesis margin 484.781 bits; effective numerator from eps>(q-n)/(2kq).,0.748046875,0.001953125
prime192-rho1_4-k2^40-paperD-N2048,PROVED_PAPERD_V5_CAP,Paper D v5 universal cap,4398046511104,1099511627776,1/4,6277101735386680763835789423207666416102355484046453112833,6277101735386680763835789423207666416102355484046453112833,1103806595072,4294967296,3294239916032,767/1024,1/1024,2854495385411919762116571938898990272765493265,6277101735386680763835789423207666416102355484046453112833,87.0,UNSAFE,Cap divisor N=2048; delta <= 767/1024; hypothesis margin 1315.040 bits; effective numerator from eps>(q-n)/(2kq).,0.7490234375,0.0009765625
prime192-rho1_4-k2^40-paperD-N4096,PROVED_PAPERD_V5_CAP,Paper D v5 universal cap,4398046511104,1099511627776,1/4,6277101735386680763835789423207666416102355484046453112833,6277101735386680763835789423207666416102355484046453112833,1101659111424,2147483648,3296387399680,1535/2048,1/2048,2854495385411919762116571938898990272765493265,6277101735386680763835789423207666416102355484046453112833,87.0,UNSAFE,Cap divisor N=4096; delta <= 1535/2048; hypothesis margin 2976.042 bits; effective numerator from eps>(q-n)/(2kq).,0.74951171875,0.00048828125
prime192-rho1_4-k2^40-paperD-N8192,PROVED_PAPERD_V5_CAP,Paper D v5 universal cap,4398046511104,1099511627776,1/4,6277101735386680763835789423207666416102355484046453112833,6277101735386680763835789423207666416102355484046453112833,1100585369600,1073741824,3297461141504,3071/4096,1/4096,2854495385411919762116571938898990272765493265,6277101735386680763835789423207666416102355484046453112833,87.0,UNSAFE,Cap divisor N=8192; delta <= 3071/4096; hypothesis margin 6298.540 bits; effective numerator from eps>(q-n)/(2kq).,0.749755859375,0.000244140625
prime192-rho1_4-k2^40-paperD-N16384,PROVED_PAPERD_V5_CAP,Paper D v5 universal cap,4398046511104,1099511627776,1/4,6277101735386680763835789423207666416102355484046453112833,6277101735386680763835789423207666416102355484046453112833,1100048498688,536870912,3297998012416,6143/8192,1/8192,2854495385411919762116571938898990272765493265,6277101735386680763835789423207666416102355484046453112833,87.0,UNSAFE,Cap divisor N=16384; delta <= 6143/8192; hypothesis margin 12944.031 bits; effective numerator from eps>(q-n)/(2kq).,0.7498779296875,0.0001220703125
prime192-rho1_4-k2^40-paperD-N32768,PROVED_PAPERD_V5_CAP,Paper D v5 universal cap,4398046511104,1099511627776,1/4,6277101735386680763835789423207666416102355484046453112833,6277101735386680763835789423207666416102355484046453112833,1099780063232,268435456,3298266447872,12287/16384,1/16384,2854495385411919762116571938898990272765493265,6277101735386680763835789423207666416102355484046453112833,87.0,UNSAFE,Cap divisor N=32768; delta <= 12287/16384; hypothesis margin 26235.513 bits; effective numerator from eps>(q-n)/(2kq).,0.74993896484375,6.103515625e-05
prime192-rho1_4-k2^40-paperD-N65536,PROVED_PAPERD_V5_CAP,Paper D v5 universal cap,4398046511104,1099511627776,1/4,6277101735386680763835789423207666416102355484046453112833,6277101735386680763835789423207666416102355484046453112833,1099645845504,134217728,3298400665600,24575/32768,1/32768,2854495385411919762116571938898990272765493265,6277101735386680763835789423207666416102355484046453112833,87.0,UNSAFE,Cap divisor N=65536; delta <= 24575/32768; hypothesis margin 52818.975 bits; effective numerator from eps>(q-n)/(2kq).,0.749969482421875,3.0517578125e-05
prime192-rho1_4-k2^40-paperD-N131072,PROVED_PAPERD_V5_CAP,Paper D v5 universal cap,4398046511104,1099511627776,1/4,6277101735386680763835789423207666416102355484046453112833,6277101735386680763835789423207666416102355484046453112833,1099578736640,67108864,3298467774464,49151/65536,1/65536,2854495385411919762116571938898990272765493265,6277101735386680763835789423207666416102355484046453112833,87.0,UNSAFE,Cap divisor N=131072; delta <= 49151/65536; hypothesis margin 105986.398 bits; effective numerator from eps>(q-n)/(2kq).,0.7499847412109375,1.52587890625e-05
prime192-rho1_4-k2^40-paperD-N262144,PROVED_PAPERD_V5_CAP,Paper D v5 universal cap,4398046511104,1099511627776,1/4,6277101735386680763835789423207666416102355484046453112833,6277101735386680763835789423207666416102355484046453112833,1099545182208,33554432,3298501328896,98303/131072,1/131072,2854495385411919762116571938898990272765493265,6277101735386680763835789423207666416102355484046453112833,87.0,UNSAFE,Cap divisor N=262144; delta <= 98303/131072; hypothesis margin 212321.744 bits; effective numerator from eps>(q-n)/(2kq).,0.7499923706054688,7.62939453125e-06
prime192-rho1_4-k2^40-paperD-N524288,PROVED_PAPERD_V5_CAP,Paper D v5 universal cap,4398046511104,1099511627776,1/4,6277101735386680763835789423207666416102355484046453112833,6277101735386680763835789423207666416102355484046453112833,1099528404992,16777216,3298518106112,196607/262144,1/262144,2854495385411919762116571938898990272765493265,6277101735386680763835789423207666416102355484046453112833,87.0,UNSAFE,Cap divisor N=524288; delta <= 196607/262144; hypothesis margin 424992.937 bits; effective numerator from eps>(q-n)/(2kq).,0.7499961853027344,3.814697265625e-06
prime192-rho1_4-k2^40-paperD-N1048576,PROVED_PAPERD_V5_CAP,Paper D v5 universal cap,4398046511104,1099511627776,1/4,6277101735386680763835789423207666416102355484046453112833,6277101735386680763835789423207666416102355484046453112833,1099520016384,8388608,3298526494720,393215/524288,1/524288,2854495385411919762116571938898990272765493265,6277101735386680763835789423207666416102355484046453112833,87.0,UNSAFE,Cap divisor N=1048576; delta <= 393215/524288; hypothesis margin 850335.822 bits; effective numerator from eps>(q-n)/(2kq).,0.7499980926513672,1.9073486328125e-06
prime192-rho1_4-k2^40-paperD-N2097152,PROVED_PAPERD_V5_CAP,Paper D v5 universal cap,4398046511104,1099511627776,1/4,6277101735386680763835789423207666416102355484046453112833,6277101735386680763835789423207666416102355484046453112833,1099515822080,4194304,3298530689024,786431/1048576,1/1048576,2854495385411919762116571938898990272765493265,6277101735386680763835789423207666416102355484046453112833,87.0,UNSAFE,Cap divisor N=2097152; delta <= 786431/1048576; hypothesis margin 1701022.093 bits; effective numerator from eps>(q-n)/(2kq).,0.7499990463256836,9.5367431640625e-07
prime192-rho1_4-k2^40-paperD-N4194304,PROVED_PAPERD_V5_CAP,Paper D v5 universal cap,4398046511104,1099511627776,1/4,6277101735386680763835789423207666416102355484046453112833,6277101735386680763835789423207666416102355484046453112833,1099513724928,2097152,3298532786176,1572863/2097152,1/2097152,2854495385411919762116571938898990272765493265,6277101735386680763835789423207666416102355484046453112833,87.0,UNSAFE,Cap divisor N=4194304; delta <= 1572863/2097152; hypothesis margin 3402395.134 bits; effective numerator from eps>(q-n)/(2kq).,0.7499995231628418,4.76837158203125e-07
prime192-rho1_4-k2^40-paperD-N8388608,PROVED_PAPERD_V5_CAP,Paper D v5 universal cap,4398046511104,1099511627776,1/4,6277101735386680763835789423207666416102355484046453112833,6277101735386680763835789423207666416102355484046453112833,1099512676352,1048576,3298533834752,3145727/4194304,1/4194304,2854495385411919762116571938898990272765493265,6277101735386680763835789423207666416102355484046453112833,87.0,UNSAFE,Cap divisor N=8388608; delta <= 3145727/4194304; hypothesis margin 6805141.717 bits; effective numerator from eps>(q-n)/(2kq).,0.7499997615814209,2.384185791015625e-07
prime192-rho1_4-k2^40-paperD-N16777216,PROVED_PAPERD_V5_CAP,Paper D v5 universal cap,4398046511104,1099511627776,1/4,6277101735386680763835789423207666416102355484046453112833,6277101735386680763835789423207666416102355484046453112833,1099512152064,524288,3298534359040,6291455/8388608,1/8388608,2854495385411919762116571938898990272765493265,6277101735386680763835789423207666416102355484046453112833,87.0,UNSAFE,Cap divisor N=16777216; delta <= 6291455/8388608; hypothesis margin 13610635.382 bits; effective numerator from eps>(q-n)/(2kq).,0.7499998807907104,1.1920928955078125e-07
prime192-rho1_4-k2^40-paperD-N33554432,PROVED_PAPERD_V5_CAP,Paper D v5 universal cap,4398046511104,1099511627776,1/4,6277101735386680763835789423207666416102355484046453112833,6277101735386680763835789423207666416102355484046453112833,1099511889920,262144,3298534621184,12582911/16777216,1/16777216,2854495385411919762116571938898990272765493265,6277101735386680763835789423207666416102355484046453112833,87.0,UNSAFE,Cap divisor N=33554432; delta <= 12582911/16777216; hypothesis margin 27221623.212 bits; effective numerator from eps>(q-n)/(2kq).,0.7499999403953552,5.960464477539063e-08
prime192-rho1_4-k2^40-paperD-N67108864,PROVED_PAPERD_V5_CAP,Paper D v5 universal cap,4398046511104,1099511627776,1/4,6277101735386680763835789423207666416102355484046453112833,6277101735386680763835789423207666416102355484046453112833,1099511758848,131072,3298534752256,25165823/33554432,1/33554432,2854495385411919762116571938898990272765493265,6277101735386680763835789423207666416102355484046453112833,87.0,UNSAFE,Cap divisor N=67108864; delta <= 25165823/33554432; hypothesis margin 54443599.372 bits; effective numerator from eps>(q-n)/(2kq).,0.7499999701976776,2.9802322387695312e-08
prime192-rho1_4-k2^40-paperD-N134217728,PROVED_PAPERD_V5_CAP,Paper D v5 universal cap,4398046511104,1099511627776,1/4,6277101735386680763835789423207666416102355484046453112833,6277101735386680763835789423207666416102355484046453112833,1099511693312,65536,3298534817792,50331647/67108864,1/67108864,2854495385411919762116571938898990272765493265,6277101735386680763835789423207666416102355484046453112833,87.0,UNSAFE,Cap divisor N=134217728; delta <= 50331647/67108864; hypothesis margin 108887552.193 bits; effective numerator from eps>(q-n)/(2kq).,0.7499999850988388,1.4901161193847656e-08
prime192-rho1_4-k2^40-paperD-N268435456,PROVED_PAPERD_V5_CAP,Paper D v5 universal cap,4398046511104,1099511627776,1/4,6277101735386680763835789423207666416102355484046453112833,6277101735386680763835789423207666416102355484046453112833,1099511660544,32768,3298534850560,100663295/134217728,1/134217728,2854495385411919762116571938898990272765493265,6277101735386680763835789423207666416102355484046453112833,87.0,UNSAFE,Cap divisor N=268435456; delta <= 100663295/134217728; hypothesis margin 217775458.334 bits; effective numerator from eps>(q-n)/(2kq).,0.7499999925494194,7.450580596923828e-09
prime192-rho1_4-k2^40-paperD-N536870912,PROVED_PAPERD_V5_CAP,Paper D v5 universal cap,4398046511104,1099511627776,1/4,6277101735386680763835789423207666416102355484046453112833,6277101735386680763835789423207666416102355484046453112833,1099511644160,16384,3298534866944,201326591/268435456,1/268435456,2854495385411919762116571938898990272765493265,6277101735386680763835789423207666416102355484046453112833,87.0,UNSAFE,Cap divisor N=536870912; delta <= 201326591/268435456; hypothesis margin 435551271.116 bits; effective numerator from eps>(q-n)/(2kq).,0.7499999962747097,3.725290298461914e-09
prime192-rho1_4-k2^40-paperD-N1073741824,PROVED_PAPERD_V5_CAP,Paper D v5 universal cap,4398046511104,1099511627776,1/4,6277101735386680763835789423207666416102355484046453112833,6277101735386680763835789423207666416102355484046453112833,1099511635968,8192,3298534875136,402653183/536870912,1/536870912,2854495385411919762116571938898990272765493265,6277101735386680763835789423207666416102355484046453112833,87.0,UNSAFE,Cap divisor N=1073741824; delta <= 402653183/536870912; hypothesis margin 871102897.180 bits; effective numerator from eps>(q-n)/(2kq).,0.7499999981373549,1.862645149230957e-09
prime192-rho1_4-k2^40-paperD-N2147483648,PROVED_PAPERD_V5_CAP,Paper D v5 universal cap,4398046511104,1099511627776,1/4,6277101735386680763835789423207666416102355484046453112833,6277101735386680763835789423207666416102355484046453112833,1099511631872,4096,3298534879232,805306367/1073741824,1/1073741824,2854495385411919762116571938898990272765493265,6277101735386680763835789423207666416102355484046453112833,87.0,UNSAFE,Cap divisor N=2147483648; delta <= 805306367/1073741824; hypothesis margin 1742206149.808 bits; effective numerator from eps>(q-n)/(2kq).,0.7499999990686774,9.313225746154785e-10
prime192-rho1_4-k2^40-paperD-N4294967296,PROVED_PAPERD_V5_CAP,Paper D v5 universal cap,4398046511104,1099511627776,1/4,6277101735386680763835789423207666416102355484046453112833,6277101735386680763835789423207666416102355484046453112833,1099511629824,2048,3298534881280,1610612735/2147483648,1/2147483648,2854495385411919762116571938898990272765493265,6277101735386680763835789423207666416102355484046453112833,87.0,UNSAFE,Cap divisor N=4294967296; delta <= 1610612735/2147483648; hypothesis margin 3484412655.564 bits; effective numerator from eps>(q-n)/(2kq).,0.7499999995343387,4.656612873077393e-10
prime192-rho1_4-k2^40-paperD-N8589934592,PROVED_PAPERD_V5_CAP,Paper D v5 universal cap,4398046511104,1099511627776,1/4,6277101735386680763835789423207666416102355484046453112833,6277101735386680763835789423207666416102355484046453112833,1099511628800,1024,3298534882304,3221225471/4294967296,1/4294967296,2854495385411919762116571938898990272765493265,6277101735386680763835789423207666416102355484046453112833,87.0,UNSAFE,Cap divisor N=8589934592; delta <= 3221225471/4294967296; hypothesis margin 6968825667.576 bits; effective numerator from eps>(q-n)/(2kq).,0.7499999997671694,2.3283064365386963e-10
prime192-rho1_4-k2^40-paperD-N17179869184,PROVED_PAPERD_V5_CAP,Paper D v5 universal cap,4398046511104,1099511627776,1/4,6277101735386680763835789423207666416102355484046453112833,6277101735386680763835789423207666416102355484046453112833,1099511628288,512,3298534882816,6442450943/8589934592,1/8589934592,2854495385411919762116571938898990272765493265,6277101735386680763835789423207666416102355484046453112833,87.0,UNSAFE,Cap divisor N=17179869184; delta <= 6442450943/8589934592; hypothesis margin 13937651692.100 bits; effective numerator from eps>(q-n)/(2kq).,0.7499999998835847,1.1641532182693481e-10
prime192-rho1_4-k2^40-paperD-N34359738368,PROVED_PAPERD_V5_CAP,Paper D v5 universal cap,4398046511104,1099511627776,1/4,6277101735386680763835789423207666416102355484046453112833,6277101735386680763835789423207666416102355484046453112833,1099511628032,256,3298534883072,12884901887/17179869184,1/17179869184,2854495385411919762116571938898990272765493265,6277101735386680763835789423207666416102355484046453112833,87.0,UNSAFE,Cap divisor N=34359738368; delta <= 12884901887/17179869184; hypothesis margin 27875303741.649 bits; effective numerator from eps>(q-n)/(2kq).,0.7499999999417923,5.820766091346741e-11
prime192-rho1_4-k2^40-paperD-N68719476736,PROVED_PAPERD_V5_CAP,Paper D v5 universal cap,4398046511104,1099511627776,1/4,6277101735386680763835789423207666416102355484046453112833,6277101735386680763835789423207666416102355484046453112833,1099511627904,128,3298534883200,25769803775/34359738368,1/34359738368,2854495385411919762116571938898990272765493265,6277101735386680763835789423207666416102355484046453112833,87.0,UNSAFE,Cap divisor N=68719476736; delta <= 25769803775/34359738368; hypothesis margin 55750607841.246 bits; effective numerator from eps>(q-n)/(2kq).,0.7499999999708962,2.9103830456733704e-11
prime192-rho1_4-k2^40-paperD-N137438953472,PROVED_PAPERD_V5_CAP,Paper D v5 universal cap,4398046511104,1099511627776,1/4,6277101735386680763835789423207666416102355484046453112833,6277101735386680763835789423207666416102355484046453112833,1099511627840,64,3298534883264,51539607551/68719476736,1/68719476736,2854495385411919762116571938898990272765493265,6277101735386680763835789423207666416102355484046453112833,87.0,UNSAFE,Cap divisor N=137438953472; delta <= 51539607551/68719476736; hypothesis margin 111501216040.941 bits; effective numerator from eps>(q-n)/(2kq).,0.7499999999854481,1.4551915228366852e-11
prime192-rho1_4-k2^40-paperD-N274877906944,PROVED_PAPERD_V5_CAP,Paper D v5 universal cap,4398046511104,1099511627776,1/4,6277101735386680763835789423207666416102355484046453112833,6277101735386680763835789423207666416102355484046453112833,1099511627808,32,3298534883296,103079215103/137438953472,1/137438953472,2854495385411919762116571938898990272765493265,6277101735386680763835789423207666416102355484046453112833,87.0,UNSAFE,Cap divisor N=274877906944; delta <= 103079215103/137438953472; hypothesis margin 223002432440.831 bits; effective numerator from eps>(q-n)/(2kq).,0.749999999992724,7.275957614183426e-12
prime192-rho1_4-k2^40-paperD-N549755813888,PROVED_PAPERD_V5_CAP,Paper D v5 universal cap,4398046511104,1099511627776,1/4,6277101735386680763835789423207666416102355484046453112833,6277101735386680763835789423207666416102355484046453112833,1099511627792,16,3298534883312,206158430207/274877906944,1/274877906944,2854495385411919762116571938898990272765493265,6277101735386680763835789423207666416102355484046453112833,87.0,UNSAFE,Cap divisor N=549755813888; delta <= 206158430207/274877906944; hypothesis margin 446004865241.112 bits; effective numerator from eps>(q-n)/(2kq).,0.749999999996362,3.637978807091713e-12
prime192-rho1_4-k2^40-paperD-N1099511627776,PROVED_PAPERD_V5_CAP,Paper D v5 universal cap,4398046511104,1099511627776,1/4,6277101735386680763835789423207666416102355484046453112833,6277101735386680763835789423207666416102355484046453112833,1099511627784,8,3298534883320,412316860415/549755813888,1/549755813888,2854495385411919762116571938898990272765493265,6277101735386680763835789423207666416102355484046453112833,87.0,UNSAFE,Cap divisor N=1099511627776; delta <= 412316860415/549755813888; hypothesis margin 892009730842.179 bits; effective numerator from eps>(q-n)/(2kq).,0.749999999998181,1.8189894035458565e-12
prime192-rho1_4-k2^40-paperD-N2199023255552,PROVED_PAPERD_V5_CAP,Paper D v5 universal cap,4398046511104,1099511627776,1/4,6277101735386680763835789423207666416102355484046453112833,6277101735386680763835789423207666416102355484046453112833,1099511627780,4,3298534883324,824633720831/1099511627776,1/1099511627776,2854495385411919762116571938898990272765493265,6277101735386680763835789423207666416102355484046453112833,87.0,UNSAFE,Cap divisor N=2199023255552; delta <= 824633720831/1099511627776; hypothesis margin 1784019462044.802 bits; effective numerator from eps>(q-n)/(2kq).,0.7499999999990905,9.094947017729282e-13
prime192-rho1_4-k2^40-paperD-N4398046511104,PROVED_PAPERD_V5_CAP,Paper D v5 universal cap,4398046511104,1099511627776,1/4,6277101735386680763835789423207666416102355484046453112833,6277101735386680763835789423207666416102355484046453112833,1099511627778,2,3298534883326,1649267441663/2199023255552,1/2199023255552,2854495385411919762116571938898990272765493265,6277101735386680763835789423207666416102355484046453112833,87.0,UNSAFE,Cap divisor N=4398046511104; delta <= 1649267441663/2199023255552; hypothesis margin 3568038924450.555 bits; effective numerator from eps>(q-n)/(2kq).,0.7499999999995453,4.547473508864641e-13
prime192-rho1_8-k2^40-paperD-N1024,PROVED_PAPERD_V5_CAP,Paper D v5 universal cap,8796093022208,1099511627776,1/8,6277101735386680763835789423207666416102355787511662379009,6277101735386680763835789423207666416102355787511662379009,1116691496960,17179869184,7679401525248,447/512,1/512,2854495385411919762116571938898990272765493401,6277101735386680763835789423207666416102355787511662379009,87.0,UNSAFE,Cap divisor N=1024; delta <= 447/512; hypothesis margin 213.459 bits; effective numerator from eps>(q-n)/(2kq).,0.873046875,0.001953125
prime192-rho1_8-k2^40-paperD-N2048,PROVED_PAPERD_V5_CAP,Paper D v5 universal cap,8796093022208,1099511627776,1/8,6277101735386680763835789423207666416102355787511662379009,6277101735386680763835789423207666416102355787511662379009,1108101562368,8589934592,7687991459840,895/1024,1/1024,2854495385411919762116571938898990272765493401,6277101735386680763835789423207666416102355787511662379009,87.0,UNSAFE,Cap divisor N=2048; delta <= 895/1024; hypothesis margin 769.587 bits; effective numerator from eps>(q-n)/(2kq).,0.8740234375,0.0009765625
prime192-rho1_8-k2^40-paperD-N4096,PROVED_PAPERD_V5_CAP,Paper D v5 universal cap,8796093022208,1099511627776,1/8,6277101735386680763835789423207666416102355787511662379009,6277101735386680763835789423207666416102355787511662379009,1103806595072,4294967296,7692286427136,1791/2048,1/2048,2854495385411919762116571938898990272765493401,6277101735386680763835789423207666416102355787511662379009,87.0,UNSAFE,Cap divisor N=4096; delta <= 1791/2048; hypothesis margin 1882.316 bits; effective numerator from eps>(q-n)/(2kq).,0.87451171875,0.00048828125
prime192-rho1_8-k2^40-paperD-N8192,PROVED_PAPERD_V5_CAP,Paper D v5 universal cap,8796093022208,1099511627776,1/8,6277101735386680763835789423207666416102355787511662379009,6277101735386680763835789423207666416102355787511662379009,1101659111424,2147483648,7694433910784,3583/4096,1/4096,2854495385411919762116571938898990272765493401,6277101735386680763835789423207666416102355787511662379009,87.0,UNSAFE,Cap divisor N=8192; delta <= 3583/4096; hypothesis margin 4108.261 bits; effective numerator from eps>(q-n)/(2kq).,0.874755859375,0.000244140625
prime192-rho1_8-k2^40-paperD-N16384,PROVED_PAPERD_V5_CAP,Paper D v5 universal cap,8796093022208,1099511627776,1/8,6277101735386680763835789423207666416102355787511662379009,6277101735386680763835789423207666416102355787511662379009,1100585369600,1073741824,7695507652608,7167/8192,1/8192,2854495385411919762116571938898990272765493401,6277101735386680763835789423207666416102355787511662379009,87.0,UNSAFE,Cap divisor N=16384; delta <= 7167/8192; hypothesis margin 8560.643 bits; effective numerator from eps>(q-n)/(2kq).,0.8748779296875,0.0001220703125
prime192-rho1_8-k2^40-paperD-N32768,PROVED_PAPERD_V5_CAP,Paper D v5 universal cap,8796093022208,1099511627776,1/8,6277101735386680763835789423207666416102355787511662379009,6277101735386680763835789423207666416102355787511662379009,1100048498688,536870912,7696044523520,14335/16384,1/16384,2854495385411919762116571938898990272765493401,6277101735386680763835789423207666416102355787511662379009,87.0,UNSAFE,Cap divisor N=32768; delta <= 14335/16384; hypothesis margin 17465.904 bits; effective numerator from eps>(q-n)/(2kq).,0.87493896484375,6.103515625e-05
prime192-rho1_8-k2^40-paperD-N65536,PROVED_PAPERD_V5_CAP,Paper D v5 universal cap,8796093022208,1099511627776,1/8,6277101735386680763835789423207666416102355787511662379009,6277101735386680763835789423207666416102355787511662379009,1099780063232,268435456,7696312958976,28671/32768,1/32768,2854495385411919762116571938898990272765493401,6277101735386680763835789423207666416102355787511662379009,87.0,UNSAFE,Cap divisor N=65536; delta <= 28671/32768; hypothesis margin 35276.924 bits; effective numerator from eps>(q-n)/(2kq).,0.874969482421875,3.0517578125e-05
prime192-rho1_8-k2^40-paperD-N131072,PROVED_PAPERD_V5_CAP,Paper D v5 universal cap,8796093022208,1099511627776,1/8,6277101735386680763835789423207666416102355787511662379009,6277101735386680763835789423207666416102355787511662379009,1099645845504,134217728,7696447176704,57343/65536,1/65536,2854495385411919762116571938898990272765493401,6277101735386680763835789423207666416102355787511662379009,87.0,UNSAFE,Cap divisor N=131072; delta <= 57343/65536; hypothesis margin 70899.464 bits; effective numerator from eps>(q-n)/(2kq).,0.8749847412109375,1.52587890625e-05
prime192-rho1_8-k2^40-paperD-N262144,PROVED_PAPERD_V5_CAP,Paper D v5 universal cap,8796093022208,1099511627776,1/8,6277101735386680763835789423207666416102355787511662379009,6277101735386680763835789423207666416102355787511662379009,1099578736640,67108864,7696514285568,114687/131072,1/131072,2854495385411919762116571938898990272765493401,6277101735386680763835789423207666416102355787511662379009,87.0,UNSAFE,Cap divisor N=262144; delta <= 114687/131072; hypothesis margin 142145.043 bits; effective numerator from eps>(q-n)/(2kq).,0.8749923706054688,7.62939453125e-06
prime192-rho1_8-k2^40-paperD-N524288,PROVED_PAPERD_V5_CAP,Paper D v5 universal cap,8796093022208,1099511627776,1/8,6277101735386680763835789423207666416102355787511662379009,6277101735386680763835789423207666416102355787511662379009,1099545182208,33554432,7696547840000,229375/262144,1/262144,2854495385411919762116571938898990272765493401,6277101735386680763835789423207666416102355787511662379009,87.0,UNSAFE,Cap divisor N=524288; delta <= 229375/262144; hypothesis margin 284636.700 bits; effective numerator from eps>(q-n)/(2kq).,0.8749961853027344,3.814697265625e-06
prime192-rho1_8-k2^40-paperD-N1048576,PROVED_PAPERD_V5_CAP,Paper D v5 universal cap,8796093022208,1099511627776,1/8,6277101735386680763835789423207666416102355787511662379009,6277101735386680763835789423207666416102355787511662379009,1099528404992,16777216,7696564617216,458751/524288,1/524288,2854495385411919762116571938898990272765493401,6277101735386680763835789423207666416102355787511662379009,87.0,UNSAFE,Cap divisor N=1048576; delta <= 458751/524288; hypothesis margin 569620.515 bits; effective numerator from eps>(q-n)/(2kq).,0.8749980926513672,1.9073486328125e-06
prime192-rho1_8-k2^40-paperD-N2097152,PROVED_PAPERD_V5_CAP,Paper D v5 universal cap,8796093022208,1099511627776,1/8,6277101735386680763835789423207666416102355787511662379009,6277101735386680763835789423207666416102355787511662379009,1099520016384,8388608,7696573005824,917503/1048576,1/1048576,2854495385411919762116571938898990272765493401,6277101735386680763835789423207666416102355787511662379009,87.0,UNSAFE,Cap divisor N=2097152; delta <= 917503/1048576; hypothesis margin 1139588.644 bits; effective numerator from eps>(q-n)/(2kq).,0.8749990463256836,9.5367431640625e-07
prime192-rho1_8-k2^40-paperD-N4194304,PROVED_PAPERD_V5_CAP,Paper D v5 universal cap,8796093022208,1099511627776,1/8,6277101735386680763835789423207666416102355787511662379009,6277101735386680763835789423207666416102355787511662379009,1099515822080,4194304,7696577200128,1835007/2097152,1/2097152,2854495385411919762116571938898990272765493401,6277101735386680763835789423207666416102355787511662379009,87.0,UNSAFE,Cap divisor N=4194304; delta <= 1835007/2097152; hypothesis margin 2279525.404 bits; effective numerator from eps>(q-n)/(2kq).,0.8749995231628418,4.76837158203125e-07
prime192-rho1_8-k2^40-paperD-N8388608,PROVED_PAPERD_V5_CAP,Paper D v5 universal cap,8796093022208,1099511627776,1/8,6277101735386680763835789423207666416102355787511662379009,6277101735386680763835789423207666416102355787511662379009,1099513724928,2097152,7696579297280,3670015/4194304,1/4194304,2854495385411919762116571938898990272765493401,6277101735386680763835789423207666416102355787511662379009,87.0,UNSAFE,Cap divisor N=8388608; delta <= 3670015/4194304; hypothesis margin 4559399.422 bits; effective numerator from eps>(q-n)/(2kq).,0.8749997615814209,2.384185791015625e-07
prime192-rho1_8-k2^40-paperD-N16777216,PROVED_PAPERD_V5_CAP,Paper D v5 universal cap,8796093022208,1099511627776,1/8,6277101735386680763835789423207666416102355787511662379009,6277101735386680763835789423207666416102355787511662379009,1099512676352,1048576,7696580345856,7340031/8388608,1/8388608,2854495385411919762116571938898990272765493401,6277101735386680763835789423207666416102355787511662379009,87.0,UNSAFE,Cap divisor N=16777216; delta <= 7340031/8388608; hypothesis margin 9119147.959 bits; effective numerator from eps>(q-n)/(2kq).,0.8749998807907104,1.1920928955078125e-07
prime192-rho1_8-k2^40-paperD-N33554432,PROVED_PAPERD_V5_CAP,Paper D v5 universal cap,8796093022208,1099511627776,1/8,6277101735386680763835789423207666416102355787511662379009,6277101735386680763835789423207666416102355787511662379009,1099512152064,524288,7696580870144,14680063/16777216,1/16777216,2854495385411919762116571938898990272765493401,6277101735386680763835789423207666416102355787511662379009,87.0,UNSAFE,Cap divisor N=33554432; delta <= 14680063/16777216; hypothesis margin 18238645.532 bits; effective numerator from eps>(q-n)/(2kq).,0.8749999403953552,5.960464477539063e-08
prime192-rho1_8-k2^40-paperD-N67108864,PROVED_PAPERD_V5_CAP,Paper D v5 universal cap,8796093022208,1099511627776,1/8,6277101735386680763835789423207666416102355787511662379009,6277101735386680763835789423207666416102355787511662379009,1099511889920,262144,7696581132288,29360127/33554432,1/33554432,2854495385411919762116571938898990272765493401,6277101735386680763835789423207666416102355787511662379009,87.0,UNSAFE,Cap divisor N=67108864; delta <= 29360127/33554432; hypothesis margin 36477641.179 bits; effective numerator from eps>(q-n)/(2kq).,0.8749999701976776,2.9802322387695312e-08
prime192-rho1_8-k2^40-paperD-N134217728,PROVED_PAPERD_V5_CAP,Paper D v5 universal cap,8796093022208,1099511627776,1/8,6277101735386680763835789423207666416102355787511662379009,6277101735386680763835789423207666416102355787511662379009,1099511758848,131072,7696581263360,58720255/67108864,1/67108864,2854495385411919762116571938898990272765493401,6277101735386680763835789423207666416102355787511662379009,87.0,UNSAFE,Cap divisor N=134217728; delta <= 58720255/67108864; hypothesis margin 72955632.973 bits; effective numerator from eps>(q-n)/(2kq).,0.8749999850988388,1.4901161193847656e-08
prime192-rho1_8-k2^40-paperD-N268435456,PROVED_PAPERD_V5_CAP,Paper D v5 universal cap,8796093022208,1099511627776,1/8,6277101735386680763835789423207666416102355787511662379009,6277101735386680763835789423207666416102355787511662379009,1099511693312,65536,7696581328896,117440511/134217728,1/134217728,2854495385411919762116571938898990272765493401,6277101735386680763835789423207666416102355787511662379009,87.0,UNSAFE,Cap divisor N=268435456; delta <= 117440511/134217728; hypothesis margin 145911617.061 bits; effective numerator from eps>(q-n)/(2kq).,0.8749999925494194,7.450580596923828e-09
prime192-rho1_8-k2^40-paperD-N536870912,PROVED_PAPERD_V5_CAP,Paper D v5 universal cap,8796093022208,1099511627776,1/8,6277101735386680763835789423207666416102355787511662379009,6277101735386680763835789423207666416102355787511662379009,1099511660544,32768,7696581361664,234881023/268435456,1/268435456,2854495385411919762116571938898990272765493401,6277101735386680763835789423207666416102355787511662379009,87.0,UNSAFE,Cap divisor N=536870912; delta <= 234881023/268435456; hypothesis margin 291823585.737 bits; effective numerator from eps>(q-n)/(2kq).,0.8749999962747097,3.725290298461914e-09
prime192-rho1_8-k2^40-paperD-N1073741824,PROVED_PAPERD_V5_CAP,Paper D v5 universal cap,8796093022208,1099511627776,1/8,6277101735386680763835789423207666416102355787511662379009,6277101735386680763835789423207666416102355787511662379009,1099511644160,16384,7696581378048,469762047/536870912,1/536870912,2854495385411919762116571938898990272765493401,6277101735386680763835789423207666416102355787511662379009,87.0,UNSAFE,Cap divisor N=1073741824; delta <= 469762047/536870912; hypothesis margin 583647523.588 bits; effective numerator from eps>(q-n)/(2kq).,0.8749999981373549,1.862645149230957e-09
prime192-rho1_8-k2^40-paperD-N2147483648,PROVED_PAPERD_V5_CAP,Paper D v5 universal cap,8796093022208,1099511627776,1/8,6277101735386680763835789423207666416102355787511662379009,6277101735386680763835789423207666416102355787511662379009,1099511635968,8192,7696581386240,939524095/1073741824,1/1073741824,2854495385411919762116571938898990272765493401,6277101735386680763835789423207666416102355787511662379009,87.0,UNSAFE,Cap divisor N=2147483648; delta <= 939524095/1073741824; hypothesis margin 1167295399.791 bits; effective numerator from eps>(q-n)/(2kq).,0.8749999990686774,9.313225746154785e-10
prime192-rho1_8-k2^40-paperD-N4294967296,PROVED_PAPERD_V5_CAP,Paper D v5 universal cap,8796093022208,1099511627776,1/8,6277101735386680763835789423207666416102355787511662379009,6277101735386680763835789423207666416102355787511662379009,1099511631872,4096,7696581390336,1879048191/2147483648,1/2147483648,2854495385411919762116571938898990272765493401,6277101735386680763835789423207666416102355787511662379009,87.0,UNSAFE,Cap divisor N=4294967296; delta <= 1879048191/2147483648; hypothesis margin 2334591152.696 bits; effective numerator from eps>(q-n)/(2kq).,0.8749999995343387,4.656612873077393e-10
prime192-rho1_8-k2^40-paperD-N8589934592,PROVED_PAPERD_V5_CAP,Paper D v5 universal cap,8796093022208,1099511627776,1/8,6277101735386680763835789423207666416102355787511662379009,6277101735386680763835789423207666416102355787511662379009,1099511629824,2048,7696581392384,3758096383/4294967296,1/4294967296,2854495385411919762116571938898990272765493401,6277101735386680763835789423207666416102355787511662379009,87.0,UNSAFE,Cap divisor N=8589934592; delta <= 3758096383/4294967296; hypothesis margin 4669182659.007 bits; effective numerator from eps>(q-n)/(2kq).,0.8749999997671694,2.3283064365386963e-10
prime192-rho1_8-k2^40-paperD-N17179869184,PROVED_PAPERD_V5_CAP,Paper D v5 universal cap,8796093022208,1099511627776,1/8,6277101735386680763835789423207666416102355787511662379009,6277101735386680763835789423207666416102355787511662379009,1099511628800,1024,7696581393408,7516192767/8589934592,1/8589934592,2854495385411919762116571938898990272765493401,6277101735386680763835789423207666416102355787511662379009,87.0,UNSAFE,Cap divisor N=17179869184; delta <= 7516192767/8589934592; hypothesis margin 9338365672.128 bits; effective numerator from eps>(q-n)/(2kq).,0.8749999998835847,1.1641532182693481e-10
prime192-rho1_8-k2^40-paperD-N34359738368,PROVED_PAPERD_V5_CAP,Paper D v5 universal cap,8796093022208,1099511627776,1/8,6277101735386680763835789423207666416102355787511662379009,6277101735386680763835789423207666416102355787511662379009,1099511628288,512,7696581393920,15032385535/17179869184,1/17179869184,2854495385411919762116571938898990272765493401,6277101735386680763835789423207666416102355787511662379009,87.0,UNSAFE,Cap divisor N=34359738368; delta <= 15032385535/17179869184; hypothesis margin 18676731698.871 bits; effective numerator from eps>(q-n)/(2kq).,0.8749999999417923,5.820766091346741e-11
prime192-rho1_8-k2^40-paperD-N68719476736,PROVED_PAPERD_V5_CAP,Paper D v5 universal cap,8796093022208,1099511627776,1/8,6277101735386680763835789423207666416102355787511662379009,6277101735386680763835789423207666416102355787511662379009,1099511628032,256,7696581394176,30064771071/34359738368,1/34359738368,2854495385411919762116571938898990272765493401,6277101735386680763835789423207666416102355787511662379009,87.0,UNSAFE,Cap divisor N=68719476736; delta <= 30064771071/34359738368; hypothesis margin 37353463752.857 bits; effective numerator from eps>(q-n)/(2kq).,0.8749999999708962,2.9103830456733704e-11
prime192-rho1_8-k2^40-paperD-N137438953472,PROVED_PAPERD_V5_CAP,Paper D v5 universal cap,8796093022208,1099511627776,1/8,6277101735386680763835789423207666416102355787511662379009,6277101735386680763835789423207666416102355787511662379009,1099511627904,128,7696581394304,60129542143/68719476736,1/68719476736,2854495385411919762116571938898990272765493401,6277101735386680763835789423207666416102355787511662379009,87.0,UNSAFE,Cap divisor N=137438953472; delta <= 60129542143/68719476736; hypothesis margin 74706927861.328 bits; effective numerator from eps>(q-n)/(2kq).,0.8749999999854481,1.4551915228366852e-11
prime192-rho1_8-k2^40-paperD-N274877906944,PROVED_PAPERD_V5_CAP,Paper D v5 universal cap,8796093022208,1099511627776,1/8,6277101735386680763835789423207666416102355787511662379009,6277101735386680763835789423207666416102355787511662379009,1099511627840,64,7696581394368,120259084287/137438953472,1/137438953472,2854495385411919762116571938898990272765493401,6277101735386680763835789423207666416102355787511662379009,87.0,UNSAFE,Cap divisor N=274877906944; delta <= 120259084287/137438953472; hypothesis margin 149413856078.771 bits; effective numerator from eps>(q-n)/(2kq).,0.874999999992724,7.275957614183426e-12
prime192-rho1_8-k2^40-paperD-N549755813888,PROVED_PAPERD_V5_CAP,Paper D v5 universal cap,8796093022208,1099511627776,1/8,6277101735386680763835789423207666416102355787511662379009,6277101735386680763835789423207666416102355787511662379009,1099511627808,32,7696581394400,240518168575/274877906944,1/274877906944,2854495385411919762116571938898990272765493401,6277101735386680763835789423207666416102355787511662379009,87.0,UNSAFE,Cap divisor N=549755813888; delta <= 240518168575/274877906944; hypothesis margin 298827712514.157 bits; effective numerator from eps>(q-n)/(2kq).,0.874999999996362,3.637978807091713e-12
prime192-rho1_8-k2^40-paperD-N1099511627776,PROVED_PAPERD_V5_CAP,Paper D v5 universal cap,8796093022208,1099511627776,1/8,6277101735386680763835789423207666416102355787511662379009,6277101735386680763835789423207666416102355787511662379009,1099511627792,16,7696581394416,481036337151/549755813888,1/549755813888,2854495385411919762116571938898990272765493401,6277101735386680763835789423207666416102355787511662379009,87.0,UNSAFE,Cap divisor N=1099511627776; delta <= 481036337151/549755813888; hypothesis margin 597655425385.423 bits; effective numerator from eps>(q-n)/(2kq).,0.874999999998181,1.8189894035458565e-12
prime192-rho1_8-k2^40-paperD-N2199023255552,PROVED_PAPERD_V5_CAP,Paper D v5 universal cap,8796093022208,1099511627776,1/8,6277101735386680763835789423207666416102355787511662379009,6277101735386680763835789423207666416102355787511662379009,1099511627784,8,7696581394424,962072674303/1099511627776,1/1099511627776,2854495385411919762116571938898990272765493401,6277101735386680763835789423207666416102355787511662379009,87.0,UNSAFE,Cap divisor N=2199023255552; delta <= 962072674303/1099511627776; hypothesis margin 1195310851128.483 bits; effective numerator from eps>(q-n)/(2kq).,0.8749999999990905,9.094947017729282e-13
prime192-rho1_8-k2^40-paperD-N4398046511104,PROVED_PAPERD_V5_CAP,Paper D v5 universal cap,8796093022208,1099511627776,1/8,6277101735386680763835789423207666416102355787511662379009,6277101735386680763835789423207666416102355787511662379009,1099511627780,4,7696581394428,1924145348607/2199023255552,1/2199023255552,2854495385411919762116571938898990272765493401,6277101735386680763835789423207666416102355787511662379009,87.0,UNSAFE,Cap divisor N=4398046511104; delta <= 1924145348607/2199023255552; hypothesis margin 2390621702615.078 bits; effective numerator from eps>(q-n)/(2kq).,0.8749999999995453,4.547473508864641e-13
prime192-rho1_8-k2^40-paperD-N8796093022208,PROVED_PAPERD_V5_CAP,Paper D v5 universal cap,8796093022208,1099511627776,1/8,6277101735386680763835789423207666416102355787511662379009,6277101735386680763835789423207666416102355787511662379009,1099511627778,2,7696581394430,3848290697215/4398046511104,1/4398046511104,2854495385411919762116571938898990272765493401,6277101735386680763835789423207666416102355787511662379009,87.0,UNSAFE,Cap divisor N=8796093022208; delta <= 3848290697215/4398046511104; hypothesis margin 4781243405588.719 bits; effective numerator from eps>(q-n)/(2kq).,0.8749999999997726,2.2737367544323206e-13
prime192-rho1_16-k2^40-paperD-N1024,PROVED_PAPERD_V5_CAP,Paper D v5 universal cap,17592186044416,1099511627776,1/16,6277101735386680763835789423207666416102355972229615845377,6277101735386680763835789423207666416102355972229615845377,1133871366144,34359738368,16458314678272,479/512,1/512,2854495385411919762116571938898990272765493481,6277101735386680763835789423207666416102355972229615845377,87.0,UNSAFE,Cap divisor N=1024; delta <= 479/512; hypothesis margin 4.849 bits; effective numerator from eps>(q-n)/(2kq).,0.935546875,0.001953125
prime192-rho1_16-k2^40-paperD-N2048,PROVED_PAPERD_V5_CAP,Paper D v5 universal cap,17592186044416,1099511627776,1/16,6277101735386680763835789423207666416102355972229615845377,6277101735386680763835789423207666416102355972229615845377,1116691496960,17179869184,16475494547456,959/1024,1/1024,2854495385411919762116571938898990272765493481,6277101735386680763835789423207666416102355972229615845377,87.0,UNSAFE,Cap divisor N=2048; delta <= 959/1024; hypothesis margin 349.769 bits; effective numerator from eps>(q-n)/(2kq).,0.9365234375,0.0009765625
prime192-rho1_16-k2^40-paperD-N4096,PROVED_PAPERD_V5_CAP,Paper D v5 universal cap,17592186044416,1099511627776,1/16,6277101735386680763835789423207666416102355972229615845377,6277101735386680763835789423207666416102355972229615845377,1108101562368,8589934592,16484084482048,1919/2048,1/2048,2854495385411919762116571938898990272765493481,6277101735386680763835789423207666416102355972229615845377,87.0,UNSAFE,Cap divisor N=4096; delta <= 1919/2048; hypothesis margin 1040.057 bits; effective numerator from eps>(q-n)/(2kq).,0.93701171875,0.00048828125
prime192-rho1_16-k2^40-paperD-N8192,PROVED_PAPERD_V5_CAP,Paper D v5 universal cap,17592186044416,1099511627776,1/16,6277101735386680763835789423207666416102355972229615845377,6277101735386680763835789423207666416102355972229615845377,1103806595072,4294967296,16488379449344,3839/4096,1/4096,2854495385411919762116571938898990272765493481,6277101735386680763835789423207666416102355972229615845377,87.0,UNSAFE,Cap divisor N=8192; delta <= 3839/4096; hypothesis margin 2421.106 bits; effective numerator from eps>(q-n)/(2kq).,0.937255859375,0.000244140625
prime192-rho1_16-k2^40-paperD-N16384,PROVED_PAPERD_V5_CAP,Paper D v5 universal cap,17592186044416,1099511627776,1/16,6277101735386680763835789423207666416102355972229615845377,6277101735386680763835789423207666416102355972229615845377,1101659111424,2147483648,16490526932992,7679/8192,1/8192,2854495385411919762116571938898990272765493481,6277101735386680763835789423207666416102355972229615845377,87.0,UNSAFE,Cap divisor N=16384; delta <= 7679/8192; hypothesis margin 5183.691 bits; effective numerator from eps>(q-n)/(2kq).,0.9373779296875,0.0001220703125
prime192-rho1_16-k2^40-paperD-N32768,PROVED_PAPERD_V5_CAP,Paper D v5 universal cap,17592186044416,1099511627776,1/16,6277101735386680763835789423207666416102355972229615845377,6277101735386680763835789423207666416102355972229615845377,1100585369600,1073741824,16491600674816,15359/16384,1/16384,2854495385411919762116571938898990272765493481,6277101735386680763835789423207666416102355972229615845377,87.0,UNSAFE,Cap divisor N=32768; delta <= 15359/16384; hypothesis margin 10709.353 bits; effective numerator from eps>(q-n)/(2kq).,0.93743896484375,6.103515625e-05
prime192-rho1_16-k2^40-paperD-N65536,PROVED_PAPERD_V5_CAP,Paper D v5 universal cap,17592186044416,1099511627776,1/16,6277101735386680763835789423207666416102355972229615845377,6277101735386680763835789423207666416102355972229615845377,1100048498688,536870912,16492137545728,30719/32768,1/32768,2854495385411919762116571938898990272765493481,6277101735386680763835789423207666416102355972229615845377,87.0,UNSAFE,Cap divisor N=65536; delta <= 30719/32768; hypothesis margin 21761.175 bits; effective numerator from eps>(q-n)/(2kq).,0.937469482421875,3.0517578125e-05
prime192-rho1_16-k2^40-paperD-N131072,PROVED_PAPERD_V5_CAP,Paper D v5 universal cap,17592186044416,1099511627776,1/16,6277101735386680763835789423207666416102355972229615845377,6277101735386680763835789423207666416102355972229615845377,1099780063232,268435456,16492405981184,61439/65536,1/65536,2854495385411919762116571938898990272765493481,6277101735386680763835789423207666416102355972229615845377,87.0,UNSAFE,Cap divisor N=131072; delta <= 61439/65536; hypothesis margin 43865.318 bits; effective numerator from eps>(q-n)/(2kq).,0.9374847412109375,1.52587890625e-05
prime192-rho1_16-k2^40-paperD-N262144,PROVED_PAPERD_V5_CAP,Paper D v5 universal cap,17592186044416,1099511627776,1/16,6277101735386680763835789423207666416102355972229615845377,6277101735386680763835789423207666416102355972229615845377,1099645845504,134217728,16492540198912,122879/131072,1/131072,2854495385411919762116571938898990272765493481,6277101735386680763835789423207666416102355972229615845377,87.0,UNSAFE,Cap divisor N=262144; delta <= 122879/131072; hypothesis margin 88074.102 bits; effective numerator from eps>(q-n)/(2kq).,0.9374923706054688,7.62939453125e-06
prime192-rho1_16-k2^40-paperD-N524288,PROVED_PAPERD_V5_CAP,Paper D v5 universal cap,17592186044416,1099511627776,1/16,6277101735386680763835789423207666416102355972229615845377,6277101735386680763835789423207666416102355972229615845377,1099578736640,67108864,16492607307776,245759/262144,1/262144,2854495385411919762116571938898990272765493481,6277101735386680763835789423207666416102355972229615845377,87.0,UNSAFE,Cap divisor N=524288; delta <= 245759/262144; hypothesis margin 176492.169 bits; effective numerator from eps>(q-n)/(2kq).,0.9374961853027344,3.814697265625e-06
prime192-rho1_16-k2^40-paperD-N1048576,PROVED_PAPERD_V5_CAP,Paper D v5 universal cap,17592186044416,1099511627776,1/16,6277101735386680763835789423207666416102355972229615845377,6277101735386680763835789423207666416102355972229615845377,1099545182208,33554432,16492640862208,491519/524288,1/524288,2854495385411919762116571938898990272765493481,6277101735386680763835789423207666416102355972229615845377,87.0,UNSAFE,Cap divisor N=1048576; delta <= 491519/524288; hypothesis margin 353328.803 bits; effective numerator from eps>(q-n)/(2kq).,0.9374980926513672,1.9073486328125e-06
prime192-rho1_16-k2^40-paperD-N2097152,PROVED_PAPERD_V5_CAP,Paper D v5 universal cap,17592186044416,1099511627776,1/16,6277101735386680763835789423207666416102355972229615845377,6277101735386680763835789423207666416102355972229615845377,1099528404992,16777216,16492657639424,983039/1048576,1/1048576,2854495385411919762116571938898990272765493481,6277101735386680763835789423207666416102355972229615845377,87.0,UNSAFE,Cap divisor N=2097152; delta <= 983039/1048576; hypothesis margin 707002.572 bits; effective numerator from eps>(q-n)/(2kq).,0.9374990463256836,9.5367431640625e-07
prime192-rho1_16-k2^40-paperD-N4194304,PROVED_PAPERD_V5_CAP,Paper D v5 universal cap,17592186044416,1099511627776,1/16,6277101735386680763835789423207666416102355972229615845377,6277101735386680763835789423207666416102355972229615845377,1099520016384,8388608,16492666028032,1966079/2097152,1/2097152,2854495385411919762116571938898990272765493481,6277101735386680763835789423207666416102355972229615845377,87.0,UNSAFE,Cap divisor N=4194304; delta <= 1966079/2097152; hypothesis margin 1414350.610 bits; effective numerator from eps>(q-n)/(2kq).,0.9374995231628418,4.76837158203125e-07
prime192-rho1_16-k2^40-paperD-N8388608,PROVED_PAPERD_V5_CAP,Paper D v5 universal cap,17592186044416,1099511627776,1/16,6277101735386680763835789423207666416102355972229615845377,6277101735386680763835789423207666416102355972229615845377,1099515822080,4194304,16492670222336,3932159/4194304,1/4194304,2854495385411919762116571938898990272765493481,6277101735386680763835789423207666416102355972229615845377,87.0,UNSAFE,Cap divisor N=8388608; delta <= 3932159/4194304; hypothesis margin 2829047.186 bits; effective numerator from eps>(q-n)/(2kq).,0.9374997615814209,2.384185791015625e-07
prime192-rho1_16-k2^40-paperD-N16777216,PROVED_PAPERD_V5_CAP,Paper D v5 universal cap,17592186044416,1099511627776,1/16,6277101735386680763835789423207666416102355972229615845377,6277101735386680763835789423207666416102355972229615845377,1099513724928,2097152,16492672319488,7864319/8388608,1/8388608,2854495385411919762116571938898990272765493481,6277101735386680763835789423207666416102355972229615845377,87.0,UNSAFE,Cap divisor N=16777216; delta <= 7864319/8388608; hypothesis margin 5658440.837 bits; effective numerator from eps>(q-n)/(2kq).,0.9374998807907104,1.1920928955078125e-07
prime192-rho1_16-k2^40-paperD-N33554432,PROVED_PAPERD_V5_CAP,Paper D v5 universal cap,17592186044416,1099511627776,1/16,6277101735386680763835789423207666416102355972229615845377,6277101735386680763835789423207666416102355972229615845377,1099512676352,1048576,16492673368064,15728639/16777216,1/16777216,2854495385411919762116571938898990272765493481,6277101735386680763835789423207666416102355972229615845377,87.0,UNSAFE,Cap divisor N=33554432; delta <= 15728639/16777216; hypothesis margin 11317228.639 bits; effective numerator from eps>(q-n)/(2kq).,0.9374999403953552,5.960464477539063e-08
prime192-rho1_16-k2^40-paperD-N67108864,PROVED_PAPERD_V5_CAP,Paper D v5 universal cap,17592186044416,1099511627776,1/16,6277101735386680763835789423207666416102355972229615845377,6277101735386680763835789423207666416102355972229615845377,1099512152064,524288,16492673892352,31457279/33554432,1/33554432,2854495385411919762116571938898990272765493481,6277101735386680763835789423207666416102355972229615845377,87.0,UNSAFE,Cap divisor N=67108864; delta <= 31457279/33554432; hypothesis margin 22634804.744 bits; effective numerator from eps>(q-n)/(2kq).,0.9374999701976776,2.9802322387695312e-08
prime192-rho1_16-k2^40-paperD-N134217728,PROVED_PAPERD_V5_CAP,Paper D v5 universal cap,17592186044416,1099511627776,1/16,6277101735386680763835789423207666416102355972229615845377,6277101735386680763835789423207666416102355972229615845377,1099511889920,262144,16492674154496,62914559/67108864,1/67108864,2854495385411919762116571938898990272765493481,6277101735386680763835789423207666416102355972229615845377,87.0,UNSAFE,Cap divisor N=134217728; delta <= 62914559/67108864; hypothesis margin 45269957.453 bits; effective numerator from eps>(q-n)/(2kq).,0.9374999850988388,1.4901161193847656e-08
prime192-rho1_16-k2^40-paperD-N268435456,PROVED_PAPERD_V5_CAP,Paper D v5 universal cap,17592186044416,1099511627776,1/16,6277101735386680763835789423207666416102355972229615845377,6277101735386680763835789423207666416102355972229615845377,1099511758848,131072,16492674285568,125829119/134217728,1/134217728,2854495385411919762116571938898990272765493481,6277101735386680763835789423207666416102355972229615845377,87.0,UNSAFE,Cap divisor N=268435456; delta <= 125829119/134217728; hypothesis margin 90540263.371 bits; effective numerator from eps>(q-n)/(2kq).,0.9374999925494194,7.450580596923828e-09
prime192-rho1_16-k2^40-paperD-N536870912,PROVED_PAPERD_V5_CAP,Paper D v5 universal cap,17592186044416,1099511627776,1/16,6277101735386680763835789423207666416102355972229615845377,6277101735386680763835789423207666416102355972229615845377,1099511693312,65536,16492674351104,251658239/268435456,1/268435456,2854495385411919762116571938898990272765493481,6277101735386680763835789423207666416102355972229615845377,87.0,UNSAFE,Cap divisor N=536870912; delta <= 251658239/268435456; hypothesis margin 181080875.708 bits; effective numerator from eps>(q-n)/(2kq).,0.9374999962747097,3.725290298461914e-09
prime192-rho1_16-k2^40-paperD-N1073741824,PROVED_PAPERD_V5_CAP,Paper D v5 universal cap,17592186044416,1099511627776,1/16,6277101735386680763835789423207666416102355972229615845377,6277101735386680763835789423207666416102355972229615845377,1099511660544,32768,16492674383872,503316479/536870912,1/536870912,2854495385411919762116571938898990272765493481,6277101735386680763835789423207666416102355972229615845377,87.0,UNSAFE,Cap divisor N=1073741824; delta <= 503316479/536870912; hypothesis margin 362162100.881 bits; effective numerator from eps>(q-n)/(2kq).,0.9374999981373549,1.862645149230957e-09
prime192-rho1_16-k2^40-paperD-N2147483648,PROVED_PAPERD_V5_CAP,Paper D v5 universal cap,17592186044416,1099511627776,1/16,6277101735386680763835789423207666416102355972229615845377,6277101735386680763835789423207666416102355972229615845377,1099511644160,16384,16492674400256,1006632959/1073741824,1/1073741824,2854495385411919762116571938898990272765493481,6277101735386680763835789423207666416102355972229615845377,87.0,UNSAFE,Cap divisor N=2147483648; delta <= 1006632959/1073741824; hypothesis margin 724324551.727 bits; effective numerator from eps>(q-n)/(2kq).,0.9374999990686774,9.313225746154785e-10
prime192-rho1_16-k2^40-paperD-N4294967296,PROVED_PAPERD_V5_CAP,Paper D v5 universal cap,17592186044416,1099511627776,1/16,6277101735386680763835789423207666416102355972229615845377,6277101735386680763835789423207666416102355972229615845377,1099511635968,8192,16492674408448,2013265919/2147483648,1/2147483648,2854495385411919762116571938898990272765493481,6277101735386680763835789423207666416102355972229615845377,87.0,UNSAFE,Cap divisor N=4294967296; delta <= 2013265919/2147483648; hypothesis margin 1448649453.920 bits; effective numerator from eps>(q-n)/(2kq).,0.9374999995343387,4.656612873077393e-10
prime192-rho1_16-k2^40-paperD-N8589934592,PROVED_PAPERD_V5_CAP,Paper D v5 universal cap,17592186044416,1099511627776,1/16,6277101735386680763835789423207666416102355972229615845377,6277101735386680763835789423207666416102355972229615845377,1099511631872,4096,16492674412544,4026531839/4294967296,1/4294967296,2854495385411919762116571938898990272765493481,6277101735386680763835789423207666416102355972229615845377,87.0,UNSAFE,Cap divisor N=8589934592; delta <= 4026531839/4294967296; hypothesis margin 2897299258.806 bits; effective numerator from eps>(q-n)/(2kq).,0.9374999997671694,2.3283064365386963e-10
prime192-rho1_16-k2^40-paperD-N17179869184,PROVED_PAPERD_V5_CAP,Paper D v5 universal cap,17592186044416,1099511627776,1/16,6277101735386680763835789423207666416102355972229615845377,6277101735386680763835789423207666416102355972229615845377,1099511629824,2048,16492674414592,8053063679/8589934592,1/8589934592,2854495385411919762116571938898990272765493481,6277101735386680763835789423207666416102355972229615845377,87.0,UNSAFE,Cap divisor N=17179869184; delta <= 8053063679/8589934592; hypothesis margin 5794598869.078 bits; effective numerator from eps>(q-n)/(2kq).,0.9374999998835847,1.1641532182693481e-10
prime192-rho1_16-k2^40-paperD-N34359738368,PROVED_PAPERD_V5_CAP,Paper D v5 universal cap,17592186044416,1099511627776,1/16,6277101735386680763835789423207666416102355972229615845377,6277101735386680763835789423207666416102355972229615845377,1099511628800,1024,16492674415616,16106127359/17179869184,1/17179869184,2854495385411919762116571938898990272765493481,6277101735386680763835789423207666416102355972229615845377,87.0,UNSAFE,Cap divisor N=34359738368; delta <= 16106127359/17179869184; hypothesis margin 11589198090.121 bits; effective numerator from eps>(q-n)/(2kq).,0.9374999999417923,5.820766091346741e-11
prime192-rho1_16-k2^40-paperD-N68719476736,PROVED_PAPERD_V5_CAP,Paper D v5 universal cap,17592186044416,1099511627776,1/16,6277101735386680763835789423207666416102355972229615845377,6277101735386680763835789423207666416102355972229615845377,1099511628288,512,16492674416128,32212254719/34359738368,1/34359738368,2854495385411919762116571938898990272765493481,6277101735386680763835789423207666416102355972229615845377,87.0,UNSAFE,Cap divisor N=68719476736; delta <= 32212254719/34359738368; hypothesis margin 23178396532.706 bits; effective numerator from eps>(q-n)/(2kq).,0.9374999999708962,2.9103830456733704e-11
prime192-rho1_16-k2^40-paperD-N137438953472,PROVED_PAPERD_V5_CAP,Paper D v5 universal cap,17592186044416,1099511627776,1/16,6277101735386680763835789423207666416102355972229615845377,6277101735386680763835789423207666416102355972229615845377,1099511628032,256,16492674416384,64424509439/68719476736,1/68719476736,2854495385411919762116571938898990272765493481,6277101735386680763835789423207666416102355972229615845377,87.0,UNSAFE,Cap divisor N=137438953472; delta <= 64424509439/68719476736; hypothesis margin 46356793418.378 bits; effective numerator from eps>(q-n)/(2kq).,0.9374999999854481,1.4551915228366852e-11
prime192-rho1_16-k2^40-paperD-N274877906944,PROVED_PAPERD_V5_CAP,Paper D v5 universal cap,17592186044416,1099511627776,1/16,6277101735386680763835789423207666416102355972229615845377,6277101735386680763835789423207666416102355972229615845377,1099511627904,128,16492674416512,128849018879/137438953472,1/137438953472,2854495385411919762116571938898990272765493481,6277101735386680763835789423207666416102355972229615845377,87.0,UNSAFE,Cap divisor N=274877906944; delta <= 128849018879/137438953472; hypothesis margin 92713587190.222 bits; effective numerator from eps>(q-n)/(2kq).,0.937499999992724,7.275957614183426e-12
prime192-rho1_16-k2^40-paperD-N549755813888,PROVED_PAPERD_V5_CAP,Paper D v5 universal cap,17592186044416,1099511627776,1/16,6277101735386680763835789423207666416102355972229615845377,6277101735386680763835789423207666416102355972229615845377,1099511627840,64,16492674416576,257698037759/274877906944,1/274877906944,2854495385411919762116571938898990272765493481,6277101735386680763835789423207666416102355972229615845377,87.0,UNSAFE,Cap divisor N=549755813888; delta <= 257698037759/274877906944; hypothesis margin 185427174734.407 bits; effective numerator from eps>(q-n)/(2kq).,0.937499999996362,3.637978807091713e-12
prime192-rho1_16-k2^40-paperD-N1099511627776,PROVED_PAPERD_V5_CAP,Paper D v5 universal cap,17592186044416,1099511627776,1/16,6277101735386680763835789423207666416102355972229615845377,6277101735386680763835789423207666416102355972229615845377,1099511627808,32,16492674416608,515396075519/549755813888,1/549755813888,2854495385411919762116571938898990272765493481,6277101735386680763835789423207666416102355972229615845377,87.0,UNSAFE,Cap divisor N=1099511627776; delta <= 515396075519/549755813888; hypothesis margin 370854349823.279 bits; effective numerator from eps>(q-n)/(2kq).,0.937499999998181,1.8189894035458565e-12
prime192-rho1_16-k2^40-paperD-N2199023255552,PROVED_PAPERD_V5_CAP,Paper D v5 universal cap,17592186044416,1099511627776,1/16,6277101735386680763835789423207666416102355972229615845377,6277101735386680763835789423207666416102355972229615845377,1099511627792,16,16492674416624,1030792151039/1099511627776,1/1099511627776,2854495385411919762116571938898990272765493481,6277101735386680763835789423207666416102355972229615845377,87.0,UNSAFE,Cap divisor N=2199023255552; delta <= 1030792151039/1099511627776; hypothesis margin 741708700001.547 bits; effective numerator from eps>(q-n)/(2kq).,0.9374999999990905,9.094947017729282e-13
prime192-rho1_16-k2^40-paperD-N4398046511104,PROVED_PAPERD_V5_CAP,Paper D v5 universal cap,17592186044416,1099511627776,1/16,6277101735386680763835789423207666416102355972229615845377,6277101735386680763835789423207666416102355972229615845377,1099511627784,8,16492674416632,2061584302079/2199023255552,1/2199023255552,2854495385411919762116571938898990272765493481,6277101735386680763835789423207666416102355972229615845377,87.0,UNSAFE,Cap divisor N=4398046511104; delta <= 2061584302079/2199023255552; hypothesis margin 1483417400358.544 bits; effective numerator from eps>(q-n)/(2kq).,0.9374999999995453,4.547473508864641e-13
prime192-rho1_16-k2^40-paperD-N8796093022208,PROVED_PAPERD_V5_CAP,Paper D v5 universal cap,17592186044416,1099511627776,1/16,6277101735386680763835789423207666416102355972229615845377,6277101735386680763835789423207666416102355972229615845377,1099511627780,4,16492674416636,4123168604159/4398046511104,1/4398046511104,2854495385411919762116571938898990272765493481,6277101735386680763835789423207666416102355972229615845377,87.0,UNSAFE,Cap divisor N=8796093022208; delta <= 4123168604159/4398046511104; hypothesis margin 2966834801072.991 bits; effective numerator from eps>(q-n)/(2kq).,0.9374999999997726,2.2737367544323206e-13
prime192-rho1_16-k2^40-paperD-N17592186044416,PROVED_PAPERD_V5_CAP,Paper D v5 universal cap,17592186044416,1099511627776,1/16,6277101735386680763835789423207666416102355972229615845377,6277101735386680763835789423207666416102355972229615845377,1099511627778,2,16492674416638,8246337208319/8796093022208,1/8796093022208,2854495385411919762116571938898990272765493481,6277101735386680763835789423207666416102355972229615845377,87.0,UNSAFE,Cap divisor N=17592186044416; delta <= 8246337208319/8796093022208; hypothesis margin 5933669602502.516 bits; effective numerator from eps>(q-n)/(2kq).,0.9374999999998863,1.1368683772161603e-13
